project,set,unique id,image name
RanceGo1,sdfsdfsdf,,22_Default_001_087_Image
RanceGo1,sdfsdfsdf,,22_Default_001_088_Image
RanceGo1,sdfsdfsdf,,Image1
RanceGo1,sdfsdfsdf,,Image2
RanceGo1,sdfsdfsdf,,22_Default_001_082_Image
RanceGo1,sdfsdfsdf,,22_Default_001_084_Image
RanceGo1,sdfsdfsdf,,22_Default_001_085_Image
RanceGo1,sdfsdfsdf,,22_Default_001_086_Image
RanceGo1,sdfsdfsdf,,Image3
RanceGo1,sdfsdfsdf,,22_Default_001_087_Image
RanceGo1,sdfsdfsdf,,22_Default_001_088_Image
RanceGo1,sdfsdfsdf,,Image1
RanceGo1,sdfsdfsdf,,Image2
RanceGo1,sdfsdfsdf,,22_Default_001_082_Image
RanceGo1,sdfsdfsdf,,22_Default_001_084_Image
RanceGo1,sdfsdfsdf,,22_Default_001_085_Image
RanceGo1,sdfsdfsdf,,22_Default_001_086_Image
RanceGo1,sdfsdfsdf,,Image3